{
  "rows": [
    {
      "tag": "w0.4_rho0.003_steps20_post01",
      "mpdps_weight": 0.4,
      "obs_rho": 0.003,
      "total_steps": 20,
      "num_posterior_samples": 1,
      "output_dir": "results/advisor_study/mpdps_tuning_holdout400/w0.4_rho0.003_steps20_post01",
      "correct_global_rmse_mean": 0.0025399906961219468,
      "correct_global_mae_mean": 0.0007000317491031038,
      "correct_global_rel_l2_mean": 8.417259210436802,
      "correct_global_rel_l1_active_mean_mean": 4.433571482040936,
      "shuffled_global_rmse_mean": 0.002539927402228154,
      "shuffled_global_mae_mean": 0.0007000271480739598,
      "shuffled_global_rel_l2_mean": 8.417127464406146,
      "shuffled_global_rel_l1_active_mean_mean": 4.4334532534174524,
      "shuffled_minus_correct_rel_l2": -0.00013174603065557733,
      "shuffled_over_correct_rel_l2": 0.9999843481081714,
      "shuffled_minus_correct_rmse": -6.329389379278183e-08,
      "shuffled_over_correct_rmse": 0.9999750810528993
    },
    {
      "tag": "w0.4_rho0.003_steps30_post01",
      "mpdps_weight": 0.4,
      "obs_rho": 0.003,
      "total_steps": 30,
      "num_posterior_samples": 1,
      "output_dir": "results/advisor_study/mpdps_tuning_holdout400/w0.4_rho0.003_steps30_post01",
      "correct_global_rmse_mean": 0.0025259293951681782,
      "correct_global_mae_mean": 0.0006914413939017249,
      "correct_global_rel_l2_mean": 8.368592010636851,
      "correct_global_rel_l1_active_mean_mean": 4.358216244159667,
      "shuffled_global_rmse_mean": 0.0025259443996607386,
      "shuffled_global_mae_mean": 0.0006914410686344458,
      "shuffled_global_rel_l2_mean": 8.368585823488772,
      "shuffled_global_rel_l1_active_mean_mean": 4.358116957066383,
      "shuffled_minus_correct_rel_l2": -6.187148079206395e-06,
      "shuffled_over_correct_rel_l2": 0.9999992606703647,
      "shuffled_minus_correct_rmse": 1.500449256031447e-08,
      "shuffled_over_correct_rmse": 1.0000059401868433
    },
    {
      "tag": "w0.4_rho0.01_steps20_post01",
      "mpdps_weight": 0.4,
      "obs_rho": 0.01,
      "total_steps": 20,
      "num_posterior_samples": 1,
      "output_dir": "results/advisor_study/mpdps_tuning_holdout400/w0.4_rho0.01_steps20_post01",
      "correct_global_rmse_mean": 0.0025399906961219468,
      "correct_global_mae_mean": 0.0007000317491031038,
      "correct_global_rel_l2_mean": 8.417259210436802,
      "correct_global_rel_l1_active_mean_mean": 4.433571482040936,
      "shuffled_global_rmse_mean": 0.002539927402228154,
      "shuffled_global_mae_mean": 0.0007000271480739598,
      "shuffled_global_rel_l2_mean": 8.417127464406146,
      "shuffled_global_rel_l1_active_mean_mean": 4.4334532534174524,
      "shuffled_minus_correct_rel_l2": -0.00013174603065557733,
      "shuffled_over_correct_rel_l2": 0.9999843481081714,
      "shuffled_minus_correct_rmse": -6.329389379278183e-08,
      "shuffled_over_correct_rmse": 0.9999750810528993
    },
    {
      "tag": "w0.4_rho0.01_steps30_post01",
      "mpdps_weight": 0.4,
      "obs_rho": 0.01,
      "total_steps": 30,
      "num_posterior_samples": 1,
      "output_dir": "results/advisor_study/mpdps_tuning_holdout400/w0.4_rho0.01_steps30_post01",
      "correct_global_rmse_mean": 0.0025259293951681782,
      "correct_global_mae_mean": 0.0006914413939017249,
      "correct_global_rel_l2_mean": 8.368592010636851,
      "correct_global_rel_l1_active_mean_mean": 4.358216244159667,
      "shuffled_global_rmse_mean": 0.0025259443996607386,
      "shuffled_global_mae_mean": 0.0006914410686344458,
      "shuffled_global_rel_l2_mean": 8.368585823488772,
      "shuffled_global_rel_l1_active_mean_mean": 4.358116957066383,
      "shuffled_minus_correct_rel_l2": -6.187148079206395e-06,
      "shuffled_over_correct_rel_l2": 0.9999992606703647,
      "shuffled_minus_correct_rmse": 1.500449256031447e-08,
      "shuffled_over_correct_rmse": 1.0000059401868433
    },
    {
      "tag": "w1_rho0.003_steps20_post01",
      "mpdps_weight": 1.0,
      "obs_rho": 0.003,
      "total_steps": 20,
      "num_posterior_samples": 1,
      "output_dir": "results/advisor_study/mpdps_tuning_holdout400/w1_rho0.003_steps20_post01",
      "correct_global_rmse_mean": 0.0025399443349828493,
      "correct_global_mae_mean": 0.0007000168376459496,
      "correct_global_rel_l2_mean": 8.417265538117244,
      "correct_global_rel_l1_active_mean_mean": 4.433438413560558,
      "shuffled_global_rmse_mean": 0.002539951235365525,
      "shuffled_global_mae_mean": 0.0007000186056864297,
      "shuffled_global_rel_l2_mean": 8.417183352527529,
      "shuffled_global_rel_l1_active_mean_mean": 4.433463629710181,
      "shuffled_minus_correct_rel_l2": -8.218558971506695e-05,
      "shuffled_over_correct_rel_l2": 0.9999902360702128,
      "shuffled_minus_correct_rmse": 6.900382675846528e-09,
      "shuffled_over_correct_rmse": 1.0000027167456313
    },
    {
      "tag": "w1_rho0.003_steps30_post01",
      "mpdps_weight": 1.0,
      "obs_rho": 0.003,
      "total_steps": 30,
      "num_posterior_samples": 1,
      "output_dir": "results/advisor_study/mpdps_tuning_holdout400/w1_rho0.003_steps30_post01",
      "correct_global_rmse_mean": 0.002525929577623557,
      "correct_global_mae_mean": 0.0006914205001551777,
      "correct_global_rel_l2_mean": 8.368581556880473,
      "correct_global_rel_l1_active_mean_mean": 4.35800457872676,
      "shuffled_global_rmse_mean": 0.0025259157598793336,
      "shuffled_global_mae_mean": 0.0006914305144231711,
      "shuffled_global_rel_l2_mean": 8.368495728901541,
      "shuffled_global_rel_l1_active_mean_mean": 4.358081514154921,
      "shuffled_minus_correct_rel_l2": -8.58279789319738e-05,
      "shuffled_over_correct_rel_l2": 0.999989744023124,
      "shuffled_minus_correct_rmse": -1.3817744223560552e-08,
      "shuffled_over_correct_rmse": 0.9999945296399607
    },
    {
      "tag": "w1_rho0.01_steps20_post01",
      "mpdps_weight": 1.0,
      "obs_rho": 0.01,
      "total_steps": 20,
      "num_posterior_samples": 1,
      "output_dir": "results/advisor_study/mpdps_tuning_holdout400/w1_rho0.01_steps20_post01",
      "correct_global_rmse_mean": 0.0025399443349828493,
      "correct_global_mae_mean": 0.0007000168376459496,
      "correct_global_rel_l2_mean": 8.417265538117244,
      "correct_global_rel_l1_active_mean_mean": 4.433438413560558,
      "shuffled_global_rmse_mean": 0.002539951235365525,
      "shuffled_global_mae_mean": 0.0007000186056864297,
      "shuffled_global_rel_l2_mean": 8.417183352527529,
      "shuffled_global_rel_l1_active_mean_mean": 4.433463629710181,
      "shuffled_minus_correct_rel_l2": -8.218558971506695e-05,
      "shuffled_over_correct_rel_l2": 0.9999902360702128,
      "shuffled_minus_correct_rmse": 6.900382675846528e-09,
      "shuffled_over_correct_rmse": 1.0000027167456313
    },
    {
      "tag": "w1_rho0.01_steps30_post01",
      "mpdps_weight": 1.0,
      "obs_rho": 0.01,
      "total_steps": 30,
      "num_posterior_samples": 1,
      "output_dir": "results/advisor_study/mpdps_tuning_holdout400/w1_rho0.01_steps30_post01",
      "correct_global_rmse_mean": 0.002525929577623557,
      "correct_global_mae_mean": 0.0006914205001551777,
      "correct_global_rel_l2_mean": 8.368581556880473,
      "correct_global_rel_l1_active_mean_mean": 4.35800457872676,
      "shuffled_global_rmse_mean": 0.0025259157598793336,
      "shuffled_global_mae_mean": 0.0006914305144231711,
      "shuffled_global_rel_l2_mean": 8.368495728901541,
      "shuffled_global_rel_l1_active_mean_mean": 4.358081514154921,
      "shuffled_minus_correct_rel_l2": -8.58279789319738e-05,
      "shuffled_over_correct_rel_l2": 0.999989744023124,
      "shuffled_minus_correct_rmse": -1.3817744223560552e-08,
      "shuffled_over_correct_rmse": 0.9999945296399607
    },
    {
      "tag": "w2_rho0.003_steps20_post01",
      "mpdps_weight": 2.0,
      "obs_rho": 0.003,
      "total_steps": 20,
      "num_posterior_samples": 1,