{
  "sensor_counts": [
    6,
    12,
    30
  ],
  "observed_time_steps": [
    20,
    60,
    120
  ],
  "rows": [
    {
      "condition": "s06_t020",
      "sensor_count": 6,
      "observed_time_steps": 20,
      "sensor_csv": "/hy-tmp/SDIFT_model56/results/advisor_study/sensor_conditions_cfd56_holdout400/sensor_subsets/sensor_subset_6.csv",
      "output_dir": "/hy-tmp/SDIFT_model56/results/advisor_study/sensor_conditions_cfd56_holdout400/s06_t020",
      "wall_seconds": 499.5504972934723,
      "num_test_cases": 7,
      "sensor_seconds_mean": 41.906199421201435,
      "reconstruction_seconds_mean": 27.125828198024205,
      "evaluation_seconds_mean": 2.2935781478881836,
      "global_rmse_mean": 0.005554411279901938,
      "global_rmse_std": 0.00011961841035733835,
      "global_mae_mean": 0.0033450601203037925,
      "global_mae_std": 0.00023614059342428177,
      "global_rel_l1_mean_mean": 92.69622869487723,
      "global_rel_l1_mean_std": 96.00842887199468,
      "global_rel_l1_active_mean_mean": 31.73314312725851,
      "global_rel_l1_active_mean_std": 26.885593067521683,
      "global_rel_l2_mean": 17.584495584013734,
      "global_rel_l2_std": 19.287791524925733,
      "mass_mean_rel_error_mean": 25.11542185151477,
      "mass_mean_rel_error_std": 27.365880009247345,
      "low_rates_label": "50,100",
      "low_rates_count": 2,
      "low_global_rmse_mean": 0.005452559547114999,
      "low_global_rmse_std": 2.140981195789069e-05,
      "low_global_mae_mean": 0.00315250418639117,
      "low_global_mae_std": 2.7320316442367917e-06,
      "low_global_rel_l1_mean_mean": 227.01572826616513,
      "low_global_rel_l1_mean_std": 76.34579798239987,
      "low_global_rel_l1_active_mean_mean": 70.02254863667544,
      "low_global_rel_l1_active_mean_std": 18.314535112536102,
      "low_global_rel_l2_mean": 44.64907651551401,
      "low_global_rel_l2_std": 15.292799085000986,
      "low_mass_mean_rel_error_mean": 62.01968047809052,
      "low_mass_mean_rel_error_std": 24.670404692279092
    },
    {
      "condition": "s06_t060",
      "sensor_count": 6,
      "observed_time_steps": 60,
      "sensor_csv": "/hy-tmp/SDIFT_model56/results/advisor_study/sensor_conditions_cfd56_holdout400/sensor_subsets/sensor_subset_6.csv",
      "output_dir": "/hy-tmp/SDIFT_model56/results/advisor_study/sensor_conditions_cfd56_holdout400/s06_t060",
      "wall_seconds": 643.4713790416718,
      "num_test_cases": 7,
      "sensor_seconds_mean": 41.605943134852815,
      "reconstruction_seconds_mean": 48.34518837928772,
      "evaluation_seconds_mean": 1.9382215567997523,
      "global_rmse_mean": 0.006137982371432982,
      "global_rmse_std": 0.00017308884777968606,
      "global_mae_mean": 0.003734864271521541,
      "global_mae_std": 0.0002562931128740131,
      "global_rel_l1_mean_mean": 82.49692829419537,
      "global_rel_l1_mean_std": 85.53900291991683,
      "global_rel_l1_active_mean_mean": 31.59889849643369,
      "global_rel_l1_active_mean_std": 28.407798886474016,
      "global_rel_l2_mean": 19.32078350859337,
      "global_rel_l2_std": 21.137263978024475,
      "mass_mean_rel_error_mean": 22.77546653870308,
      "mass_mean_rel_error_std": 24.02180709969183,
      "low_rates_label": "50,100",
      "low_rates_count": 2,
      "low_global_rmse_mean": 0.005969252363707491,
      "low_global_rmse_std": 6.708507933844525e-06,
      "low_global_mae_mean": 0.003517793568785568,
      "low_global_mae_std": 6.711238609735442e-06,
      "low_global_rel_l1_mean_mean": 201.9906238547461,
      "low_global_rel_l1_mean_std": 68.17669671128749,
      "low_global_rel_l1_active_mean_mean": 71.67027086191672,
      "low_global_rel_l1_active_mean_std": 20.94574111059851,
      "low_global_rel_l2_mean": 48.927552430340455,
      "low_global_rel_l2_std": 16.879151397363923,
      "low_mass_mean_rel_error_mean": 56.371359102365176,
      "low_mass_mean_rel_error_std": 19.170320592849226
    },
    {
      "condition": "s06_t120",
      "sensor_count": 6,
      "observed_time_steps": 120,
      "sensor_csv": "/hy-tmp/SDIFT_model56/results/advisor_study/sensor_conditions_cfd56_holdout400/sensor_subsets/sensor_subset_6.csv",
      "output_dir": "/hy-tmp/SDIFT_model56/results/advisor_study/sensor_conditions_cfd56_holdout400/s06_t120",
      "wall_seconds": 943.4851002693176,
      "num_test_cases": 7,
      "sensor_seconds_mean": 41.50189232826233,
      "reconstruction_seconds_mean": 90.70395728519985,
      "evaluation_seconds_mean": 2.542917387826102,
      "global_rmse_mean": 0.006407067852299957,
      "global_rmse_std": 0.0003575574100709812,
      "global_mae_mean": 0.004298773375570909,
      "global_mae_std": 0.0003644631698578157,
      "global_rel_l1_mean_mean": 81.68333709927394,
      "global_rel_l1_mean_std": 84.57983269202754,
      "global_rel_l1_active_mean_mean": 32.210053886204044,
      "global_rel_l1_active_mean_std": 29.200828413150962,
      "global_rel_l2_mean": 19.755245217546996,
      "global_rel_l2_std": 21.379528580089463,
      "mass_mean_rel_error_mean": 19.973116775438946,
      "mass_mean_rel_error_std": 19.77530003951454,
      "low_rates_label": "50,100",
      "low_rates_count": 2,
      "low_global_rmse_mean": 0.006061428314030729,
      "low_global_rmse_std": 6.504192893714948e-06,
      "low_global_mae_mean": 0.003933107814835026,
      "low_global_mae_std": 5.523774571939474e-06,
      "low_global_rel_l1_mean_mean": 199.75748139329153,
      "low_global_rel_l1_mean_std": 67.60938596472356,
      "low_global_rel_l1_active_mean_mean": 73.37866115937636,
      "low_global_rel_l1_active_mean_std": 21.652520437067395,
      "low_global_rel_l2_mean": 49.68395499194378,
      "low_global_rel_l2_std": 17.142320500026912,
      "low_mass_mean_rel_error_mean": 47.80802138886679,
      "low_mass_mean_rel_error_std": 15.163374237139966
    },
    {
      "condition": "s12_t020",
      "sensor_count": 12,
      "observed_time_steps": 20,
      "sensor_csv": "/hy-tmp/SDIFT_model56/results/advisor_study/sensor_conditions_cfd56_holdout400/sensor_subsets/sensor_subset_12.csv",
      "output_dir": "/hy-tmp/SDIFT_model56/results/advisor_study/sensor_conditions_cfd56_holdout400/s12_t020",
      "wall_seconds": 493.0359046459198,
      "num_test_cases": 7,
      "sensor_seconds_mean": 41.5400505065918,
      "reconstruction_seconds_mean": 26.772154808044434,
      "evaluation_seconds_mean": 2.083017110824585,
      "global_rmse_mean": 0.006884648052760082,
      "global_rmse_std": 8.902793240040545e-05,
      "global_mae_mean": 0.003944837247215285,
      "global_mae_std": 0.0002300788765031046,
      "global_rel_l1_mean_mean": 129.14121605387393,
      "global_rel_l1_mean_std": 135.03019362207945,
      "global_rel_l1_active_mean_mean": 43.85753547231966,
      "global_rel_l1_active_mean_std": 32.89364990812418,
      "global_rel_l2_mean": 21.94200205690046,
      "global_rel_l2_std": 24.174851742722442,
      "mass_mean_rel_error_mean": 27.918087087952426,
      "mass_mean_rel_error_std": 29.634276903302002,
      "low_rates_label": "50,100",
      "low_rates_count": 2,
      "low_global_rmse_mean": 0.006805670991623679,
      "low_global_rmse_std": 1.0193173913394457e-06,
      "low_global_mae_mean": 0.003756420988226538,
      "low_global_mae_std": 6.929958685991406e-06,
      "low_global_rel_l1_mean_mean": 317.7230521240132,
      "low_global_rel_l1_mean_std": 107.85918596562433,
      "low_global_rel_l1_active_mean_mean": 91.10522073309765,
      "low_global_rel_l1_active_mean_std": 18.22849782031659,
      "low_global_rel_l2_mean": 55.80214469242743,
      "low_global_rel_l2_std": 19.29863581475406,
      "low_mass_mean_rel_error_mean": 69.6716333611713,
      "low_mass_mean_rel_error_std": 22.7256680284344
    },
    {
      "condition": "s12_t060",
      "sensor_count": 12,
      "observed_time_steps": 60,
      "sensor_csv": "/hy-tmp/SDIFT_model56/results/advisor_study/sensor_conditions_cfd56_holdout400/sensor_subsets/sensor_subset_12.csv",