{
  "recon_mat": "results/cfd_interp48_currentrepo_mpdps_0.4_recon_rho0.01_mode_1_mean_0.0006421027355827391_std_0.0.mat",
  "truth_path": "data/cfd_interp48_te.npy",
  "meta": "data/cfd_meta_interp48.npy",
  "sample_index": 0,
  "shape": [
    40,
    48,
    48,
    48
  ],
  "metrics": {
    "global_rmse": 0.0006421026144016053,
    "global_mae": 0.0003042117725029586,
    "global_rel_l1_mean": 9043.187662379154,
    "global_rel_l2": 1.0640166079147182,
    "truth_threshold": 1e-05,
    "active_ratio_mean": 0.2959845648871528,
    "per_time_rmse": [
      0.0008733642631286353,
      0.0007501410630012519,
      0.0006282696225696831,
      0.0005671542616982993,
      0.0005409285297279868,
      0.0005276811126355965,
      0.0005243426861431306,
      0.0005244352328666491,
      0.0005238439565787077,
      0.0005239314730089634,
      0.0005263988400092548,
      0.0005281553128583457,
      0.0005298509775549689,
      0.0005458396090312404,
      0.0006684434741794086,
      0.0008687596142603637,
      0.0009647490117271285,
      0.0009053542293031612,
      0.0007801081969772778,
      0.0006636666697608087,
      0.0006064359660366143,
      0.0005795413691442904,
      0.0005794296599843232,
      0.0005772577445477732,
      0.000578285626213616,
      0.0005799666082941915,
      0.0005845123272944626,
      0.0005879275596621192,
      0.0005919955442084574,
      0.0005972044661116193,
      0.0006080034134210505,
      0.0006112992140236761,
      0.000609122301020104,
      0.000611630416817744,
      0.0006166541971860738,
      0.0006270725993371983,
      0.0006512947522336439,
      0.0006787346192305376,
      0.0006928066968291014,
      0.0007613878837463764
    ],
    "per_time_mae": [
      0.0002514177273717226,
      0.00020407172947893703,
      0.00019500971109421382,
      0.00017903514469582295,
      0.00016940031121037878,
      0.00015944658019667642,
      0.00015382718514104848,
      0.00015402353833201767,
      0.00016013438876910942,
      0.00016774732383539236,
      0.00017791787011018582,
      0.00017927619521219406,
      0.00017804129845354463,
      0.00022039492009519093,
      0.00039310474511417904,
      0.0005834781445999406,
      0.0006699874580412478,
      0.0006241669395282014,
      0.0005104724751944581,
      0.0003857818535673573,
      0.00031173426242543103,
      0.000270961271731435,
      0.0002722920833603002,
      0.0002671687049059279,
      0.00026697425023975964,
      0.000268618323788063,
      0.00027603518124662095,
      0.0002801608432830254,
      0.0002879540318693171,
      0.00029725156809177886,
      0.0003140269188325589,
      0.000317171752856615,
      0.00031325869219123837,
      0.00031672547389609913,
      0.0003234391895736538,
      0.0003410001542173362,
      0.00037801420350501354,
      0.0004123572041396284,
      0.00042924240085601985,
      0.0005073488490666969
    ],
    "per_time_rel_l1": [
      22130.408148138013,
      16026.580147309032,
      14190.078030769468,
      11919.56767479398,
      10224.86108849085,
      8533.875146151186,
      7229.344414641656,
      6513.263776647799,
      6343.205821949564,
      6160.023986965243,
      6262.102120323805,
      5761.438001421744,
      5100.613552362553,
      7336.023015251388,
      17507.429123727306,
      27920.680840827546,
      32109.041124166415,
      28720.23676877869,
      21477.54470714381,
      13735.098996012079,
      8891.115526961385,
      6009.690665008169,
      5659.271212568658,
      4918.307572335705,
      4495.952734469085,
      4145.160444801514,
      4121.45912622428,
      3880.3046056658172,
      3866.679846212663,
      3685.6968723881732,
      3813.184516930932,
      3506.0097473110804,
      3075.865514702465,
      2799.659873471327,
      2678.0568928099556,
      2909.7384094691274,
      3767.100527248225,
      4317.40253092702,
      4380.102095987013,
      5605.331293801087
    ],
    "per_time_rel_l1_active": [
      5.515661365296945,
      3.229033619592993,
      3.1332451543335704,
      2.7442913266194973,
      2.546200960575289,
      2.307393979724006,
      2.046368522149684,
      1.9323203068284454,
      2.033430492098407,
      2.1210791984036614,
      2.2578102235140154,
      2.076082794447714,
      1.8359468531634524,
      2.2576511046732715,
      4.481012812632409,
      6.828669133925008,
      7.7552998992587305,
      6.812768912683508,
      4.995666514175112,
      3.4772391996792007,
      2.684624576429894,
      2.197213170996922,
      2.0945799662975575,
      1.9153974230919055,
      1.7920894248093155,
      1.721749279725376,
      1.7046960084092375,
      1.6320375994181047,
      1.6292807330224026,
      1.643490252944578,
      1.7891943758901443,
      1.7500891771475138,
      1.6554482379668296,
      1.6989085835766793,
      1.7720404781584942,
      2.0242972213923607,
      2.5909029774614876,
      3.1332406419766685,
      3.396868683979275,
      4.117177010775094
    ],
    "active_ratio_per_time": [
      0.007930049189814815,
      0.017207392939814815,
      0.027533637152777776,
      0.03880931712962963,
      0.051350911458333336,
      0.06499565972222222,
      0.07981589988425926,
      0.09575737847222222,
      0.11305519386574074,
      0.13123010706018517,
      0.15058955439814814,
      0.16890914351851852,
      0.1865867332175926,
      0.2030707465277778,
      0.21998878761574073,
      0.2365089699074074,
      0.25334563078703703,
      0.27079716435185186,
      0.28725405092592593,
      0.3029513888888889,
      0.3189019097222222,
      0.3353226273148148,
      0.35054976851851855,
      0.36521629050925924,
      0.3790237991898148,
      0.39250578703703703,
      0.4061957465277778,
      0.41939742476851855,
      0.4334581163194444,
      0.4449598524305556,
      0.45769133391203703,
      0.46977177372685186,
      0.4817527488425926,
      0.4935167100694444,
      0.5047381365740741,
      0.5156702112268519,
      0.5259783709490741,
      0.5364312065972222,
      0.5457266348379629,
      0.5548864293981481
    ],
    "peak_time_rmse": 0.0009647490117271285,
    "peak_time_rel_l1": 32109.041124166415,
    "mean_time_rmse": 0.0006323995275590959,
    "mean_time_rel_l1": 9043.187662379145,
    "global_rel_l1_active_mean": 2.6532908100145494,
    "peak_time_rel_l1_active": 7.7552998992587305,
    "mean_time_rel_l1_active": 2.833262454931119,
    "mass": {
      "truth_series": [
        1.7882374252017756e-05,
        2.688782575951739e-05,
        3.190098690507252e-05,
        3.636023170886131e-05,
        4.0846648654348314e-05,
        4.532714852176303e-05,
        4.98038016229847e-05,
        5.4273970885718386e-05,
        5.8751595253317625e-05,
        6.322713511757746e-05,
        6.771432688296118e-05,
        7.235644791515936e-05,
        7.72613886015768e-05,
        8.236551807345283e-05,
        8.757161793753483e-05,
        9.280985129243235e-05,
        9.80340361411776e-05,
        0.00010322577270623888,
        0.00010839912475491776,
        0.0001135762986734922,
        0.00011876527707857642,
        0.0001239609649135353,
        0.00012916287178050306,
        0.00013437194773761318,
        0.00013958782695106548,
        0.0001448025299014518,
        0.0001500003883219965,
        0.00015516485337986483,
        0.00016028556677818772,
        0.0001653592149295267,
        0.00017038733781474984,
        0.0001753731913591866,
        0.00018032105213674723,
        0.00018523580194034254,
        0.00019012180918680317,
        0.00019498221387632608,
        0.00019981937615797278,
        0.0002046353067925441,
        0.00020943193669111253,
        0.00021421084618208878
      ],